source_video,acquisition_utc,split,water level (m),Hs (m),mean direction (°),peak frequency (Hz),local hour (EDT),solar elevation (°),solar azimuth (°),wind speed (m/s),wind direction (°),wind gust (m/s),total cloud cover,low cloud cover,mid cloud cover,high cloud cover
ArgusFF_20210929T120100Z_RectifiedVideo,2021-09-29T12:01:00+00:00,test,-0.231,0.345,88.14,0.109314,8.016666666666667,12.34,101.89,2.06,336.4,3.0,0.01226806640625,0.0,0.01226806640625,0.0
ArgusFF_20211010T160100Z_RectifiedVideo,2021-10-10T16:01:00+00:00,test,1.225,2.414,68.31,0.105798,12.016666666666667,45.92,162.44,12.98,29.1,16.8,0.477630615234375,0.25433349609375,0.361297607421875,0.127655029296875
ArgusFF_20211013T130100Z_RectifiedVideo,2021-10-13T13:01:00+00:00,test,-0.089,1.0920037031173706,58.40212631225586,0.0920312506171176,9.016666666666667,21.03134050979767,117.0047353265262,6.790000000000001,359.52747892572427,9.4,0.572662353515625,0.572662353515625,0.0,0.0
ArgusFF_20211029T143100Z_RectifiedVideo,2021-10-29T14:31:00+00:00,test,0.461,2.1505589485168457,80.82916259765625,0.0735000007009506,10.516666666666667,31.12234126647085,140.60852105950755,10.74,140.93456440082804,13.3,0.122314453125,0.041748046875,0.095245361328125,0.0
ArgusFF_20211007T210100Z_RectifiedVideo,2021-10-07T21:01:00+00:00,train,-0.172,1.1497948169708252,64.0547103881836,0.1894375062328281,17.016666666666666,18.350604430712576,248.6654878621366,8.855555555555556,33.9999323411286,10.4,1.0,0.90887451171875,0.165435791015625,1.0
ArgusFF_20211011T130100Z_RectifiedVideo,2021-10-11T13:01:00+00:00,train,0.718,2.1636838912963867,56.47078323364258,0.1511250033869148,9.016666666666667,21.46089337896834,116.32524960468444,12.3,13.42928066831834,16.7,0.811370849609375,0.811370849609375,0.09326171875,0.0
ArgusFF_20211013T140100Z_RectifiedVideo,2021-10-13T14:01:00+00:00,train,0.076,1.0941636562347412,58.99131393432617,0.0935312466271874,10.016666666666667,31.172162197217283,129.1529169174915,6.890000000000001,16.10165425255278,9.1,0.539276123046875,0.539276123046875,0.00250244140625,0.0
ArgusFF_20211013T143100Z_RectifiedVideo,2021-10-13T14:31:00+00:00,train,0.208,1.0769879817962646,58.47148895263672,0.0995468738281424,10.516666666666667,35.6158804807364,136.30092629617468,6.16,14.384106229219682,10.1,0.62481689453125,0.62481689453125,0.0,0.0
ArgusFF_20211013T160100Z_RectifiedVideo,2021-10-13T16:01:00+00:00,train,0.546,1.1162817478179932,57.20873260498047,0.094531251831213,12.016666666666667,44.85917383061182,163.09192326741118,5.54,8.302861242418523,7.8,0.5137939453125,0.5137939453125,0.0,0.0
ArgusFF_20211014T120100Z_RectifiedVideo,2021-10-14T12:01:00+00:00,train,-0.165,0.8308414816856384,72.21791076660156,0.1068125038071797,8.016666666666667,9.622093290838064,107.18589356459454,3.78,331.40194060838144,5.3,0.577239990234375,0.3892822265625,0.0048828125,0.289886474609375
ArgusFF_20211014T123100Z_RectifiedVideo,2021-10-14T12:31:00+00:00,train,-0.211,0.8284242153167725,73.06697082519531,0.1130625004312992,8.516666666666667,15.319342373326045,112.07413713222972,3.89,339.8345410042087,5.2,0.442047119140625,0.442047119140625,0.00262451171875,0.0
ArgusFF_20211014T130100Z_RectifiedVideo,2021-10-14T13:01:00+00:00,train,-0.239,0.8284242153167725,73.06697082519531,0.1130625004312992,9.016666666666667,20.81444427573999,117.33827940879893,3.89,339.8345410042087,5.2,0.442047119140625,0.442047119140625,0.00262451171875,0.0
ArgusFF_20211026T160100Z_RectifiedVideo,2021-10-26T16:01:00+00:00,train,0.58,1.118,77.62,0.101797,12.016666666666666,39.96,165.34,6.11,297.32,8.9,0.11053466796875,0.086090087890625,0.089996337890625,0.0
ArgusFF_20211027T150100Z_RectifiedVideo,2021-10-27T15:01:00+00:00,train,0.775,1.1177327632904053,35.20743179321289,0.1636406269080756,11.016666666666667,35.23711439578286,147.83652921187382,9.27,318.5015353232212,13.3,0.88519287109375,0.88519287109375,0.0,0.0
ArgusFF_20211028T153100Z_RectifiedVideo,2021-10-28T15:31:00+00:00,train,0.719,1.479952692985535,58.99467468261719,0.0815156251834163,11.516666666666667,37.75631673436762,156.41652044652295,6.21,39.418956742392645,7.8,1.0,0.499053955078125,0.0,1.0
ArgusFF_20210920T190100Z_RectifiedVideo,2021-09-20T19:01:00+00:00,val,-0.309,0.986,61.48,0.2405,15.016666666666667,44.75,226.75,8.33,45.3,10.0,0.755706787109375,0.135650634765625,0.0,0.70330810546875
ArgusFF_20211012T133100Z_RectifiedVideo,2021-10-12T13:31:00+00:00,val,0.33,1.3731567859649658,57.265438079833984,0.1088124990919977,9.516666666666667,26.509055436239525,122.42787680171992,7.95,339.3918053067277,10.4,1.0,1.0,0.0,0.259124755859375
ArgusFF_20211028T140100Z_RectifiedVideo,2021-10-28T14:01:00+00:00,val,0.466,1.5013197660446167,58.987979888916016,0.0832656245334763,10.016666666666667,27.270942293501843,133.46491449830344,6.17,41.21765087553506,8.4,1.0,0.925018310546875,0.0,0.98980712890625
ArgusFF_20211029T113100Z_RectifiedVideo,2021-10-29T11:31:00+00:00,val,0.352,2.138,78.51,0.073249,7.516666666666667,0.93,107.14,12.65,127.8,16.1,0.52069091796875,0.187103271484375,0.429901123046875,0.0
