priority,rank,acquisition_utc,video_name,metadata_file,locally_available,camera_count,frame_count,fully_captured_fraction,longest_complete_run_frames,longest_complete_start,longest_complete_end,Hs_m,Tp_s,peak_frequency_hz,mean_direction_deg,solar_elevation_deg,solar_azimuth_deg,wind_speed_m_s,joint_distance_sigma,rationale,target_crops,spatial_plan,water_level_m
primary,1,2021-09-28T22:31:00,ArgusFF_20210928T223100Z_RectifiedVideo.avi,data/argus/metadata/ArgusFF_20210928T223100Z_headerData.pickle,True,6,3840,0.445312,484,2587,3071,0.314,9.542,0.105,91.90,3.41,265.18,4.86,3.85,"true marginal Hs low plus a joint appearance shift under near-sunset western light",3,"low|mid|high yFRF within complete interval",-0.406
primary,2,2021-09-22T14:31:00,ArgusFF_20210922T143100Z_RectifiedVideo.avi,data/argus/metadata/ArgusFF_20210922T143100Z_headerData.pickle,True,6,3840,0.625000,2400,0,2400,1.087,6.333,0.158,90.21,41.13,128.42,10.08,2.98,"joint wave-state shift: moderate height with high easterly direction and strong wind",3,"low|mid|high yFRF",0.579
primary,3,2021-09-23T13:01:00,ArgusFF_20210923T130100Z_RectifiedVideo.avi,data/argus/metadata/ArgusFF_20210923T130100Z_headerData.pickle,True,6,3840,0.625000,2400,0,2400,1.403,7.241,0.138,92.39,25.03,109.63,9.46,2.46,"joint wave-state shift: larger waves at the most easterly usable six-camera direction",3,"low|mid|high yFRF",0.605
primary,4,2021-09-24T12:01:00,ArgusFF_20210924T120100Z_RectifiedVideo.avi,data/argus/metadata/ArgusFF_20210924T120100Z_headerData.pickle,True,6,3840,0.625000,2400,0,2400,1.384,4.603,0.217,57.61,13.17,100.03,9.93,2.34,"joint period-size shift: high-frequency moderate waves under early light",3,"low|mid|high yFRF",0.499
edge,5,2021-09-24T20:31:00,ArgusFF_20210924T203100Z_RectifiedVideo.avi,data/argus/metadata/ArgusFF_20210924T203100Z_headerData.pickle,True,6,3840,0.625000,2400,0,2400,1.574,6.552,0.153,56.35,28.11,246.58,9.42,1.51,"six-camera high-wave edge for the unused dates; later light and lower direction",2,"low|high yFRF",-0.094
edge,6,2021-10-06T14:31:00,ArgusFF_20211006T143100Z_RectifiedVideo.avi,data/argus/metadata/ArgusFF_20211006T143100Z_headerData.pickle,True,6,3840,0.430469,1190,1862,3052,0.577,12.010,0.083,77.34,37.53,133.92,4.48,1.57,"six-camera low-frequency edge with an adequate contiguous interval",2,"low|high yFRF",0.306
edge,7,2021-09-27T11:01:00,ArgusFF_20210927T110100Z_RectifiedVideo.avi,data/argus/metadata/ArgusFF_20210927T110100Z_headerData.pickle,True,6,3840,0.625000,2400,0,2400,0.512,9.872,0.101,75.06,0.66,92.09,2.39,1.07,"near-horizon morning edge with low waves and the lowest wind in the reserved pool",2,"low|high yFRF",-0.248
edge,8,2021-09-25T16:31:00,ArgusFF_20210925T163100Z_RectifiedVideo.avi,data/argus/metadata/ArgusFF_20210925T163100Z_headerData.pickle,True,6,3840,0.625000,2400,0,2400,0.909,8.433,0.119,67.36,52.81,170.23,4.21,0.24,"high-solar-elevation control; intentionally an edge control rather than a claimed OOD point",1,"single mid-yFRF control",0.530
alternate,9,2021-10-08T13:31:00,ArgusFF_20211008T133100Z_RectifiedVideo.avi,data/argus/metadata/ArgusFF_20211008T133100Z_headerData.pickle,True,4,3840,0.625000,2400,0,2400,1.118,16.133,0.062,66.86,27.43,121.03,8.68,1.20,"true marginal Tp high; reviewed D4 option provides usable same-day coverage and late-interval contrast",1,"yFRF 550 at frames 1884:2396",0.933
alternate,10,2021-09-24T14:31:00,ArgusFF_20210924T143100Z_RectifiedVideo.avi,data/argus/metadata/ArgusFF_20210924T143100Z_headerData.pickle,False,5,3840,0.625000,2400,0,2400,1.788,5.877,0.170,47.78,40.64,129.25,11.18,1.82,"higher-wave and lower-direction edge for unused dates; only five cameras, so audit spatial coverage first",0,"reserve only",0.871
