image_name,mask_name,num_polylines,width,height,split
ArgusFF_20211007T210100Z_y0600_f1624.png,mask_ArgusFF_20211007T210100Z_y0600_f1624.png,73,512,500,train
ArgusFF_20211007T210100Z_y0575_f1678.png,mask_ArgusFF_20211007T210100Z_y0575_f1678.png,93,512,500,train
ArgusFF_20211007T210100Z_y0324_f1733.png,mask_ArgusFF_20211007T210100Z_y0324_f1733.png,77,512,500,train
ArgusFF_20211007T210100Z_y0525_f1787.png,mask_ArgusFF_20211007T210100Z_y0525_f1787.png,80,512,500,train
ArgusFF_20211007T210100Z_y0420_f1842.png,mask_ArgusFF_20211007T210100Z_y0420_f1842.png,75,512,500,train
ArgusFF_20211007T210100Z_y0415_f1951.png,mask_ArgusFF_20211007T210100Z_y0415_f1951.png,46,512,500,train
ArgusFF_20211007T210100Z_y0550_f2060.png,mask_ArgusFF_20211007T210100Z_y0550_f2060.png,82,512,500,train
ArgusFF_20211011T130100Z_y1365_f2246.png,mask_ArgusFF_20211011T130100Z_y1365_f2246.png,95,512,500,train
ArgusFF_20211011T130100Z_y0415_f2253.png,mask_ArgusFF_20211011T130100Z_y0415_f2253.png,76,512,500,train
ArgusFF_20211011T130100Z_y0324_f2259.png,mask_ArgusFF_20211011T130100Z_y0324_f2259.png,82,512,500,train
ArgusFF_20211011T130100Z_y0525_f2272.png,mask_ArgusFF_20211011T130100Z_y0525_f2272.png,66,512,500,train
ArgusFF_20211011T130100Z_y0600_f2283.png,mask_ArgusFF_20211011T130100Z_y0600_f2283.png,72,512,500,train
ArgusFF_20211011T130100Z_y0730_f2294.png,mask_ArgusFF_20211011T130100Z_y0730_f2294.png,107,512,500,train
ArgusFF_20211011T130100Z_y0420_f2305.png,mask_ArgusFF_20211011T130100Z_y0420_f2305.png,92,512,500,train
ArgusFF_20211011T130100Z_y0821_f2317.png,mask_ArgusFF_20211011T130100Z_y0821_f2317.png,82,512,500,train
ArgusFF_20211011T130100Z_y0800_f2328.png,mask_ArgusFF_20211011T130100Z_y0800_f2328.png,88,512,500,train
ArgusFF_20211011T130100Z_y0550_f2339.png,mask_ArgusFF_20211011T130100Z_y0550_f2339.png,81,512,500,train
ArgusFF_20211011T130100Z_y0766_f2350.png,mask_ArgusFF_20211011T130100Z_y0766_f2350.png,100,512,500,train
ArgusFF_20211011T130100Z_y0833_f2362.png,mask_ArgusFF_20211011T130100Z_y0833_f2362.png,98,512,500,train
ArgusFF_20211011T130100Z_y1386_f2373.png,mask_ArgusFF_20211011T130100Z_y1386_f2373.png,88,512,500,train
ArgusFF_20211011T130100Z_y1342_f2384.png,mask_ArgusFF_20211011T130100Z_y1342_f2384.png,97,512,500,train
ArgusFF_20211011T130100Z_y0750_f2407.png,mask_ArgusFF_20211011T130100Z_y0750_f2407.png,87,512,500,train
ArgusFF_20211011T130100Z_y0983_f2452.png,mask_ArgusFF_20211011T130100Z_y0983_f2452.png,93,512,500,train
ArgusFF_20211012T133100Z_y0833_f0985.png,mask_ArgusFF_20211012T133100Z_y0833_f0985.png,65,512,500,val
ArgusFF_20211012T133100Z_y0324_f1032.png,mask_ArgusFF_20211012T133100Z_y0324_f1032.png,66,512,500,val
ArgusFF_20211012T133100Z_y0821_f1104.png,mask_ArgusFF_20211012T133100Z_y0821_f1104.png,72,512,500,val
ArgusFF_20211012T133100Z_y0730_f1177.png,mask_ArgusFF_20211012T133100Z_y0730_f1177.png,64,512,500,val
ArgusFF_20211012T133100Z_y1365_f1250.png,mask_ArgusFF_20211012T133100Z_y1365_f1250.png,53,512,500,val
ArgusFF_20211012T133100Z_y0766_f1323.png,mask_ArgusFF_20211012T133100Z_y0766_f1323.png,69,512,500,val
ArgusFF_20211012T133100Z_y0420_f1468.png,mask_ArgusFF_20211012T133100Z_y0420_f1468.png,60,512,500,val
ArgusFF_20211012T133100Z_y0833_f1541.png,mask_ArgusFF_20211012T133100Z_y0833_f1541.png,81,512,500,val
ArgusFF_20211012T133100Z_y0700_f1614.png,mask_ArgusFF_20211012T133100Z_y0700_f1614.png,58,512,500,val
ArgusFF_20211012T133100Z_y0203_f1759.png,mask_ArgusFF_20211012T133100Z_y0203_f1759.png,64,512,500,val
ArgusFF_20211012T133100Z_y0730_f1832.png,mask_ArgusFF_20211012T133100Z_y0730_f1832.png,60,512,500,val
ArgusFF_20211012T133100Z_y1365_f1905.png,mask_ArgusFF_20211012T133100Z_y1365_f1905.png,67,512,500,val
ArgusFF_20211012T133100Z_y0821_f2051.png,mask_ArgusFF_20211012T133100Z_y0821_f2051.png,61,512,500,val
ArgusFF_20211012T133100Z_y0833_f2124.png,mask_ArgusFF_20211012T133100Z_y0833_f2124.png,71,512,500,val
ArgusFF_20211012T133100Z_y1342_f2197.png,mask_ArgusFF_20211012T133100Z_y1342_f2197.png,57,512,500,val
ArgusFF_20211012T133100Z_y0203_f2271.png,mask_ArgusFF_20211012T133100Z_y0203_f2271.png,59,512,500,val
ArgusFF_20211012T133100Z_y0420_f2310.png,mask_ArgusFF_20211012T133100Z_y0420_f2310.png,61,512,500,val
ArgusFF_20211013T130100Z_y1365_f2061.png,mask_ArgusFF_20211013T130100Z_y1365_f2061.png,57,512,500,test
ArgusFF_20211013T130100Z_y0983_f2096.png,mask_ArgusFF_20211013T130100Z_y0983_f2096.png,54,512,500,test
ArgusFF_20211013T130100Z_y0730_f2131.png,mask_ArgusFF_20211013T130100Z_y0730_f2131.png,52,512,500,test
ArgusFF_20211013T130100Z_y0324_f2166.png,mask_ArgusFF_20211013T130100Z_y0324_f2166.png,52,512,500,test
ArgusFF_20211013T130100Z_y0415_f2184.png,mask_ArgusFF_20211013T130100Z_y0415_f2184.png,61,512,500,test
ArgusFF_20211013T130100Z_y1386_f2202.png,mask_ArgusFF_20211013T130100Z_y1386_f2202.png,56,512,500,test
ArgusFF_20211013T130100Z_y0420_f2220.png,mask_ArgusFF_20211013T130100Z_y0420_f2220.png,57,512,500,test
ArgusFF_20211013T130100Z_y0575_f2238.png,mask_ArgusFF_20211013T130100Z_y0575_f2238.png,47,512,500,test
ArgusFF_20211013T130100Z_y0766_f2256.png,mask_ArgusFF_20211013T130100Z_y0766_f2256.png,63,512,500,test
ArgusFF_20211013T130100Z_y0833_f2274.png,mask_ArgusFF_20211013T130100Z_y0833_f2274.png,68,512,500,test
ArgusFF_20211013T130100Z_y0550_f2292.png,mask_ArgusFF_20211013T130100Z_y0550_f2292.png,55,512,500,test
ArgusFF_20211013T130100Z_y0821_f2310.png,mask_ArgusFF_20211013T130100Z_y0821_f2310.png,62,512,500,test
ArgusFF_20211013T130100Z_y1342_f2346.png,mask_ArgusFF_20211013T130100Z_y1342_f2346.png,68,512,500,test
ArgusFF_20211013T130100Z_y0600_f2382.png,mask_ArgusFF_20211013T130100Z_y0600_f2382.png,52,512,500,test
ArgusFF_20211013T130100Z_y0750_f2418.png,mask_ArgusFF_20211013T130100Z_y0750_f2418.png,67,512,500,test
ArgusFF_20211013T140100Z_y0203_f1246.png,mask_ArgusFF_20211013T140100Z_y0203_f1246.png,48,512,500,train
ArgusFF_20211013T140100Z_y0821_f1281.png,mask_ArgusFF_20211013T140100Z_y0821_f1281.png,59,512,500,train
ArgusFF_20211013T140100Z_y0730_f1316.png,mask_ArgusFF_20211013T140100Z_y0730_f1316.png,66,512,500,train
ArgusFF_20211013T140100Z_y0420_f1387.png,mask_ArgusFF_20211013T140100Z_y0420_f1387.png,64,512,500,train
ArgusFF_20211013T140100Z_y0833_f1458.png,mask_ArgusFF_20211013T140100Z_y0833_f1458.png,59,512,500,train
ArgusFF_20211013T140100Z_y0700_f1529.png,mask_ArgusFF_20211013T140100Z_y0700_f1529.png,76,512,500,train
ArgusFF_20211013T140100Z_y1365_f1600.png,mask_ArgusFF_20211013T140100Z_y1365_f1600.png,71,512,500,train
ArgusFF_20211013T140100Z_y0983_f1671.png,mask_ArgusFF_20211013T140100Z_y0983_f1671.png,56,512,500,train
ArgusFF_20211013T140100Z_y0415_f1742.png,mask_ArgusFF_20211013T140100Z_y0415_f1742.png,59,512,500,train
ArgusFF_20211013T140100Z_y0800_f1813.png,mask_ArgusFF_20211013T140100Z_y0800_f1813.png,75,512,500,train
ArgusFF_20211013T140100Z_y0730_f1955.png,mask_ArgusFF_20211013T140100Z_y0730_f1955.png,84,512,500,train
ArgusFF_20211013T140100Z_y0420_f2026.png,mask_ArgusFF_20211013T140100Z_y0420_f2026.png,59,512,500,train
ArgusFF_20211013T140100Z_y0821_f2097.png,mask_ArgusFF_20211013T140100Z_y0821_f2097.png,66,512,500,train
ArgusFF_20211013T140100Z_y0833_f2168.png,mask_ArgusFF_20211013T140100Z_y0833_f2168.png,77,512,500,train
ArgusFF_20211013T140100Z_y0766_f2239.png,mask_ArgusFF_20211013T140100Z_y0766_f2239.png,79,512,500,train
ArgusFF_20211013T140100Z_y0983_f2310.png,mask_ArgusFF_20211013T140100Z_y0983_f2310.png,72,512,500,train
ArgusFF_20211013T140100Z_y1365_f2381.png,mask_ArgusFF_20211013T140100Z_y1365_f2381.png,64,512,500,train
ArgusFF_20211013T143100Z_y1365_f1837.png,mask_ArgusFF_20211013T143100Z_y1365_f1837.png,60,512,500,train
ArgusFF_20211013T143100Z_y0800_f1880.png,mask_ArgusFF_20211013T143100Z_y0800_f1880.png,58,512,500,train
ArgusFF_20211013T143100Z_y0324_f1915.png,mask_ArgusFF_20211013T143100Z_y0324_f1915.png,66,512,500,train
ArgusFF_20211013T143100Z_y0983_f1950.png,mask_ArgusFF_20211013T143100Z_y0983_f1950.png,61,512,500,train
ArgusFF_20211013T143100Z_y1386_f1985.png,mask_ArgusFF_20211013T143100Z_y1386_f1985.png,64,512,500,train
ArgusFF_20211013T143100Z_y1342_f2020.png,mask_ArgusFF_20211013T143100Z_y1342_f2020.png,64,512,500,train
ArgusFF_20211013T143100Z_y0833_f2055.png,mask_ArgusFF_20211013T143100Z_y0833_f2055.png,72,512,500,train
ArgusFF_20211013T143100Z_y0415_f2090.png,mask_ArgusFF_20211013T143100Z_y0415_f2090.png,62,512,500,train
ArgusFF_20211013T143100Z_y0600_f2161.png,mask_ArgusFF_20211013T143100Z_y0600_f2161.png,53,512,500,train
ArgusFF_20211013T143100Z_y0730_f2231.png,mask_ArgusFF_20211013T143100Z_y0730_f2231.png,63,512,500,train
ArgusFF_20211013T143100Z_y0420_f2301.png,mask_ArgusFF_20211013T143100Z_y0420_f2301.png,74,512,500,train
ArgusFF_20211013T143100Z_y0821_f2371.png,mask_ArgusFF_20211013T143100Z_y0821_f2371.png,51,512,500,train
ArgusFF_20211013T143100Z_y0800_f2406.png,mask_ArgusFF_20211013T143100Z_y0800_f2406.png,63,512,500,train
ArgusFF_20211013T143100Z_y1365_f2442.png,mask_ArgusFF_20211013T143100Z_y1365_f2442.png,63,512,500,train
ArgusFF_20211013T143100Z_y0324_f2479.png,mask_ArgusFF_20211013T143100Z_y0324_f2479.png,62,512,500,train
ArgusFF_20211013T143100Z_y0203_f2516.png,mask_ArgusFF_20211013T143100Z_y0203_f2516.png,74,512,500,train
ArgusFF_20211013T160100Z_y0833_f2340.png,mask_ArgusFF_20211013T160100Z_y0833_f2340.png,62,512,500,train
ArgusFF_20211013T160100Z_y1365_f2375.png,mask_ArgusFF_20211013T160100Z_y1365_f2375.png,74,512,500,train
ArgusFF_20211013T160100Z_y1342_f2393.png,mask_ArgusFF_20211013T160100Z_y1342_f2393.png,72,512,500,train
ArgusFF_20211013T160100Z_y0550_f2411.png,mask_ArgusFF_20211013T160100Z_y0550_f2411.png,44,512,500,train
ArgusFF_20211013T160100Z_y0203_f2439.png,mask_ArgusFF_20211013T160100Z_y0203_f2439.png,57,512,500,train
ArgusFF_20211013T160100Z_y0730_f2467.png,mask_ArgusFF_20211013T160100Z_y0730_f2467.png,73,512,500,train
ArgusFF_20211013T160100Z_y0600_f2481.png,mask_ArgusFF_20211013T160100Z_y0600_f2481.png,42,512,500,train
ArgusFF_20211013T160100Z_y0821_f2495.png,mask_ArgusFF_20211013T160100Z_y0821_f2495.png,64,512,500,train
ArgusFF_20211013T160100Z_y0766_f2523.png,mask_ArgusFF_20211013T160100Z_y0766_f2523.png,63,512,500,train
ArgusFF_20211013T160100Z_y0650_f2546.png,mask_ArgusFF_20211013T160100Z_y0650_f2546.png,49,512,500,train
ArgusFF_20211013T160100Z_y0750_f2570.png,mask_ArgusFF_20211013T160100Z_y0750_f2570.png,54,512,500,train
ArgusFF_20211013T160100Z_y0324_f2586.png,mask_ArgusFF_20211013T160100Z_y0324_f2586.png,55,512,500,train
ArgusFF_20211013T160100Z_y0575_f2603.png,mask_ArgusFF_20211013T160100Z_y0575_f2603.png,49,512,500,train
ArgusFF_20211013T160100Z_y0415_f2619.png,mask_ArgusFF_20211013T160100Z_y0415_f2619.png,48,512,500,train
ArgusFF_20211013T160100Z_y0420_f2636.png,mask_ArgusFF_20211013T160100Z_y0420_f2636.png,61,512,500,train
ArgusFF_20211014T120100Z_y0983_f1322.png,mask_ArgusFF_20211014T120100Z_y0983_f1322.png,55,512,500,train
ArgusFF_20211014T120100Z_y1365_f1346.png,mask_ArgusFF_20211014T120100Z_y1365_f1346.png,59,512,500,train
ArgusFF_20211014T120100Z_y1386_f1370.png,mask_ArgusFF_20211014T120100Z_y1386_f1370.png,62,512,500,train
ArgusFF_20211014T120100Z_y0821_f1418.png,mask_ArgusFF_20211014T120100Z_y0821_f1418.png,77,512,500,train
ArgusFF_20211014T120100Z_y0750_f1466.png,mask_ArgusFF_20211014T120100Z_y0750_f1466.png,73,512,500,train
ArgusFF_20211014T120100Z_y0730_f1515.png,mask_ArgusFF_20211014T120100Z_y0730_f1515.png,81,512,500,train
ArgusFF_20211014T120100Z_y1342_f1563.png,mask_ArgusFF_20211014T120100Z_y1342_f1563.png,62,512,500,train
ArgusFF_20211014T120100Z_y0833_f1611.png,mask_ArgusFF_20211014T120100Z_y0833_f1611.png,75,512,500,train
ArgusFF_20211014T120100Z_y0766_f1708.png,mask_ArgusFF_20211014T120100Z_y0766_f1708.png,77,512,500,train
ArgusFF_20211014T120100Z_y0600_f1804.png,mask_ArgusFF_20211014T120100Z_y0600_f1804.png,51,512,500,train
ArgusFF_20211014T120100Z_y1365_f1901.png,mask_ArgusFF_20211014T120100Z_y1365_f1901.png,70,512,500,train
ArgusFF_20211014T120100Z_y1386_f1949.png,mask_ArgusFF_20211014T120100Z_y1386_f1949.png,59,512,500,train
ArgusFF_20211014T120100Z_y0983_f1998.png,mask_ArgusFF_20211014T120100Z_y0983_f1998.png,62,512,500,train
ArgusFF_20211014T120100Z_y0750_f2022.png,mask_ArgusFF_20211014T120100Z_y0750_f2022.png,70,512,500,train
ArgusFF_20211014T120100Z_y0730_f2046.png,mask_ArgusFF_20211014T120100Z_y0730_f2046.png,85,512,500,train
ArgusFF_20211014T120100Z_y0821_f2095.png,mask_ArgusFF_20211014T120100Z_y0821_f2095.png,74,512,500,train
ArgusFF_20211014T123100Z_y0766_f0000.png,mask_ArgusFF_20211014T123100Z_y0766_f0000.png,75,512,500,train
ArgusFF_20211014T123100Z_y0420_f0069.png,mask_ArgusFF_20211014T123100Z_y0420_f0069.png,68,512,500,train
ArgusFF_20211014T123100Z_y0415_f0104.png,mask_ArgusFF_20211014T123100Z_y0415_f0104.png,65,512,500,train
ArgusFF_20211014T123100Z_y0833_f0139.png,mask_ArgusFF_20211014T123100Z_y0833_f0139.png,63,512,500,train
ArgusFF_20211014T123100Z_y1365_f0209.png,mask_ArgusFF_20211014T123100Z_y1365_f0209.png,68,512,500,train
ArgusFF_20211014T123100Z_y0730_f0279.png,mask_ArgusFF_20211014T123100Z_y0730_f0279.png,93,512,500,train
ArgusFF_20211014T123100Z_y0821_f0349.png,mask_ArgusFF_20211014T123100Z_y0821_f0349.png,65,512,500,train
ArgusFF_20211014T123100Z_y0983_f0419.png,mask_ArgusFF_20211014T123100Z_y0983_f0419.png,66,512,500,train
ArgusFF_20211014T123100Z_y1342_f0489.png,mask_ArgusFF_20211014T123100Z_y1342_f0489.png,62,512,500,train
ArgusFF_20211014T123100Z_y1386_f0559.png,mask_ArgusFF_20211014T123100Z_y1386_f0559.png,64,512,500,train
ArgusFF_20211014T123100Z_y0833_f1498.png,mask_ArgusFF_20211014T123100Z_y0833_f1498.png,69,512,500,train
ArgusFF_20211014T123100Z_y0730_f1633.png,mask_ArgusFF_20211014T123100Z_y0730_f1633.png,78,512,500,train
ArgusFF_20211014T123100Z_y0575_f1768.png,mask_ArgusFF_20211014T123100Z_y0575_f1768.png,69,512,500,train
ArgusFF_20211014T123100Z_y0821_f1903.png,mask_ArgusFF_20211014T123100Z_y0821_f1903.png,69,512,500,train
ArgusFF_20211014T123100Z_y0800_f1971.png,mask_ArgusFF_20211014T123100Z_y0800_f1971.png,78,512,500,train
ArgusFF_20211014T123100Z_y0833_f2039.png,mask_ArgusFF_20211014T123100Z_y0833_f2039.png,65,512,500,train
ArgusFF_20211014T130100Z_y0750_f0405.png,mask_ArgusFF_20211014T130100Z_y0750_f0405.png,66,512,500,train
ArgusFF_20211014T130100Z_y0821_f0500.png,mask_ArgusFF_20211014T130100Z_y0821_f0500.png,67,512,500,train
ArgusFF_20211014T130100Z_y0420_f0548.png,mask_ArgusFF_20211014T130100Z_y0420_f0548.png,56,512,500,train
ArgusFF_20211014T130100Z_y1365_f0596.png,mask_ArgusFF_20211014T130100Z_y1365_f0596.png,76,512,500,train
ArgusFF_20211014T130100Z_y0730_f0692.png,mask_ArgusFF_20211014T130100Z_y0730_f0692.png,85,512,500,train
ArgusFF_20211014T130100Z_y0833_f0788.png,mask_ArgusFF_20211014T130100Z_y0833_f0788.png,78,512,500,train
ArgusFF_20211014T130100Z_y0324_f0883.png,mask_ArgusFF_20211014T130100Z_y0324_f0883.png,73,512,500,train
ArgusFF_20211014T130100Z_y0983_f0979.png,mask_ArgusFF_20211014T130100Z_y0983_f0979.png,69,512,500,train
ArgusFF_20211014T130100Z_y0821_f1075.png,mask_ArgusFF_20211014T130100Z_y0821_f1075.png,77,512,500,train
ArgusFF_20211014T130100Z_y0550_f1171.png,mask_ArgusFF_20211014T130100Z_y0550_f1171.png,63,512,500,train
ArgusFF_20211014T130100Z_y0800_f1298.png,mask_ArgusFF_20211014T130100Z_y0800_f1298.png,72,512,500,train
ArgusFF_20211014T130100Z_y0730_f1425.png,mask_ArgusFF_20211014T130100Z_y0730_f1425.png,73,512,500,train
ArgusFF_20211014T130100Z_y0420_f1489.png,mask_ArgusFF_20211014T130100Z_y0420_f1489.png,63,512,500,train
ArgusFF_20211014T130100Z_y0983_f1553.png,mask_ArgusFF_20211014T130100Z_y0983_f1553.png,60,512,500,train
ArgusFF_20211014T130100Z_y0324_f1618.png,mask_ArgusFF_20211014T130100Z_y0324_f1618.png,66,512,500,train
ArgusFF_20211014T130100Z_y0415_f1681.png,mask_ArgusFF_20211014T130100Z_y0415_f1681.png,74,512,500,train
ArgusFF_20211014T130100Z_y0833_f1809.png,mask_ArgusFF_20211014T130100Z_y0833_f1809.png,78,512,500,train
ArgusFF_20211014T130100Z_y0730_f1937.png,mask_ArgusFF_20211014T130100Z_y0730_f1937.png,71,512,500,train
ArgusFF_20211027T150100Z_y0203_f1035.png,mask_ArgusFF_20211027T150100Z_y0203_f1035.png,58,512,500,train
ArgusFF_20211027T150100Z_y1365_f1858.png,mask_ArgusFF_20211027T150100Z_y1365_f1858.png,66,512,500,train
ArgusFF_20211027T150100Z_y1386_f1896.png,mask_ArgusFF_20211027T150100Z_y1386_f1896.png,65,512,500,train
ArgusFF_20211027T150100Z_y1342_f1934.png,mask_ArgusFF_20211027T150100Z_y1342_f1934.png,68,512,500,train
ArgusFF_20211027T150100Z_y0800_f2011.png,mask_ArgusFF_20211027T150100Z_y0800_f2011.png,59,512,500,train
ArgusFF_20211027T150100Z_y0203_f2028.png,mask_ArgusFF_20211027T150100Z_y0203_f2028.png,69,512,500,train
ArgusFF_20211027T150100Z_y0420_f2045.png,mask_ArgusFF_20211027T150100Z_y0420_f2045.png,46,512,500,train
ArgusFF_20211027T150100Z_y0700_f2062.png,mask_ArgusFF_20211027T150100Z_y0700_f2062.png,55,512,500,train
ArgusFF_20211027T150100Z_y0821_f2080.png,mask_ArgusFF_20211027T150100Z_y0821_f2080.png,63,512,500,train
ArgusFF_20211027T150100Z_y0766_f2097.png,mask_ArgusFF_20211027T150100Z_y0766_f2097.png,54,512,500,train
ArgusFF_20211027T150100Z_y0833_f2115.png,mask_ArgusFF_20211027T150100Z_y0833_f2115.png,70,512,500,train
ArgusFF_20211027T150100Z_y0730_f2150.png,mask_ArgusFF_20211027T150100Z_y0730_f2150.png,49,512,500,train
ArgusFF_20211027T150100Z_y0575_f2184.png,mask_ArgusFF_20211027T150100Z_y0575_f2184.png,66,512,500,train
ArgusFF_20211027T150100Z_y0600_f2219.png,mask_ArgusFF_20211027T150100Z_y0600_f2219.png,51,512,500,train
ArgusFF_20211027T150100Z_y0324_f2254.png,mask_ArgusFF_20211027T150100Z_y0324_f2254.png,50,512,500,train
ArgusFF_20211027T150100Z_y0415_f2289.png,mask_ArgusFF_20211027T150100Z_y0415_f2289.png,50,512,500,train
ArgusFF_20211028T140100Z_y1386_f1792.png,mask_ArgusFF_20211028T140100Z_y1386_f1792.png,55,512,500,val
ArgusFF_20211028T140100Z_y1365_f1879.png,mask_ArgusFF_20211028T140100Z_y1365_f1879.png,61,512,500,val
ArgusFF_20211028T140100Z_y0324_f1966.png,mask_ArgusFF_20211028T140100Z_y0324_f1966.png,62,512,500,val
ArgusFF_20211028T140100Z_y0821_f2028.png,mask_ArgusFF_20211028T140100Z_y0821_f2028.png,56,512,500,val
ArgusFF_20211028T140100Z_y0800_f2069.png,mask_ArgusFF_20211028T140100Z_y0800_f2069.png,55,512,500,val
ArgusFF_20211028T140100Z_y0203_f2111.png,mask_ArgusFF_20211028T140100Z_y0203_f2111.png,50,512,500,val
ArgusFF_20211028T140100Z_y1342_f2156.png,mask_ArgusFF_20211028T140100Z_y1342_f2156.png,58,512,500,val
ArgusFF_20211028T140100Z_y0730_f2202.png,mask_ArgusFF_20211028T140100Z_y0730_f2202.png,54,512,500,val
ArgusFF_20211028T140100Z_y0833_f2248.png,mask_ArgusFF_20211028T140100Z_y0833_f2248.png,64,512,500,val
ArgusFF_20211028T140100Z_y0983_f2294.png,mask_ArgusFF_20211028T140100Z_y0983_f2294.png,57,512,500,val
ArgusFF_20211028T140100Z_y0415_f2376.png,mask_ArgusFF_20211028T140100Z_y0415_f2376.png,65,512,500,val
ArgusFF_20211028T140100Z_y1365_f2417.png,mask_ArgusFF_20211028T140100Z_y1365_f2417.png,73,512,500,val
ArgusFF_20211028T140100Z_y0420_f2458.png,mask_ArgusFF_20211028T140100Z_y0420_f2458.png,62,512,500,val
ArgusFF_20211028T140100Z_y0324_f2499.png,mask_ArgusFF_20211028T140100Z_y0324_f2499.png,57,512,500,val
ArgusFF_20211028T140100Z_y0821_f2540.png,mask_ArgusFF_20211028T140100Z_y0821_f2540.png,57,512,500,val
ArgusFF_20211028T140100Z_y0203_f2623.png,mask_ArgusFF_20211028T140100Z_y0203_f2623.png,50,512,500,val
ArgusFF_20211028T153100Z_y0983_f2038.png,mask_ArgusFF_20211028T153100Z_y0983_f2038.png,60,512,500,train
ArgusFF_20211028T153100Z_y1342_f2070.png,mask_ArgusFF_20211028T153100Z_y1342_f2070.png,55,512,500,train
ArgusFF_20211028T153100Z_y1386_f2102.png,mask_ArgusFF_20211028T153100Z_y1386_f2102.png,51,512,500,train
ArgusFF_20211028T153100Z_y1365_f2135.png,mask_ArgusFF_20211028T153100Z_y1365_f2135.png,40,512,500,train
ArgusFF_20211028T153100Z_y0821_f2183.png,mask_ArgusFF_20211028T153100Z_y0821_f2183.png,51,512,500,train
ArgusFF_20211028T153100Z_y0550_f2232.png,mask_ArgusFF_20211028T153100Z_y0550_f2232.png,46,512,500,train
ArgusFF_20211028T153100Z_y0833_f2275.png,mask_ArgusFF_20211028T153100Z_y0833_f2275.png,49,512,500,train
ArgusFF_20211028T153100Z_y0420_f2319.png,mask_ArgusFF_20211028T153100Z_y0420_f2319.png,48,512,500,train
ArgusFF_20211028T153100Z_y0800_f2363.png,mask_ArgusFF_20211028T153100Z_y0800_f2363.png,61,512,500,train
ArgusFF_20211028T153100Z_y0730_f2407.png,mask_ArgusFF_20211028T153100Z_y0730_f2407.png,47,512,500,train
ArgusFF_20211028T153100Z_y0700_f2450.png,mask_ArgusFF_20211028T153100Z_y0700_f2450.png,59,512,500,train
ArgusFF_20211028T153100Z_y0324_f2494.png,mask_ArgusFF_20211028T153100Z_y0324_f2494.png,40,512,500,train
ArgusFF_20211028T153100Z_y0766_f2522.png,mask_ArgusFF_20211028T153100Z_y0766_f2522.png,64,512,500,train
ArgusFF_20211028T153100Z_y0983_f2550.png,mask_ArgusFF_20211028T153100Z_y0983_f2550.png,47,512,500,train
ArgusFF_20211028T153100Z_y1342_f2582.png,mask_ArgusFF_20211028T153100Z_y1342_f2582.png,67,512,500,train
ArgusFF_20211028T153100Z_y0415_f2650.png,mask_ArgusFF_20211028T153100Z_y0415_f2650.png,53,512,500,train
ArgusFF_20211029T143100Z_y1365_f1398.png,mask_ArgusFF_20211029T143100Z_y1365_f1398.png,75,512,500,test
ArgusFF_20211029T143100Z_y1342_f1449.png,mask_ArgusFF_20211029T143100Z_y1342_f1449.png,73,512,500,test
ArgusFF_20211029T143100Z_y1386_f1500.png,mask_ArgusFF_20211029T143100Z_y1386_f1500.png,78,512,500,test
ArgusFF_20211029T143100Z_y0730_f1603.png,mask_ArgusFF_20211029T143100Z_y0730_f1603.png,72,512,500,test
ArgusFF_20211029T143100Z_y0415_f1636.png,mask_ArgusFF_20211029T143100Z_y0415_f1636.png,65,512,500,test
ArgusFF_20211029T143100Z_y0420_f1669.png,mask_ArgusFF_20211029T143100Z_y0420_f1669.png,62,512,500,test
ArgusFF_20211029T143100Z_y0324_f1702.png,mask_ArgusFF_20211029T143100Z_y0324_f1702.png,64,512,500,test
ArgusFF_20211029T143100Z_y0821_f1735.png,mask_ArgusFF_20211029T143100Z_y0821_f1735.png,100,512,500,test
ArgusFF_20211029T143100Z_y0983_f1801.png,mask_ArgusFF_20211029T143100Z_y0983_f1801.png,71,512,500,test
ArgusFF_20211029T143100Z_y0833_f1867.png,mask_ArgusFF_20211029T143100Z_y0833_f1867.png,88,512,500,test
ArgusFF_20211029T143100Z_y0600_f1933.png,mask_ArgusFF_20211029T143100Z_y0600_f1933.png,54,512,500,test
ArgusFF_20211029T143100Z_y0766_f1999.png,mask_ArgusFF_20211029T143100Z_y0766_f1999.png,89,512,500,test
ArgusFF_20211029T143100Z_y1386_f2065.png,mask_ArgusFF_20211029T143100Z_y1386_f2065.png,50,512,500,test
ArgusFF_20211029T143100Z_y1365_f2131.png,mask_ArgusFF_20211029T143100Z_y1365_f2131.png,62,512,500,test
ArgusFF_20211029T143100Z_y0730_f2200.png,mask_ArgusFF_20211029T143100Z_y0730_f2200.png,73,512,500,test
ArgusFF_20211029T143100Z_y0550_f2307.png,mask_ArgusFF_20211029T143100Z_y0550_f2307.png,84,512,500,test
ArgusFF_20211010T160100Z_y0300_f1504.png,mask_ArgusFF_20211010T160100Z_y0300_f1504.png,77,512,500,test
ArgusFF_20211010T160100Z_y0550_f1504.png,mask_ArgusFF_20211010T160100Z_y0550_f1504.png,61,512,500,test
ArgusFF_20211010T160100Z_y0700_f1504.png,mask_ArgusFF_20211010T160100Z_y0700_f1504.png,101,512,500,test
ArgusFF_20211010T160100Z_y0900_f1504.png,mask_ArgusFF_20211010T160100Z_y0900_f1504.png,81,512,500,test
ArgusFF_20211010T160100Z_y1100_f1504.png,mask_ArgusFF_20211010T160100Z_y1100_f1504.png,93,512,500,test
ArgusFF_20210920T190100Z_y0300_f1344.png,mask_ArgusFF_20210920T190100Z_y0300_f1344.png,110,512,500,val
ArgusFF_20210920T190100Z_y0550_f1344.png,mask_ArgusFF_20210920T190100Z_y0550_f1344.png,83,512,500,val
ArgusFF_20210920T190100Z_y0700_f1344.png,mask_ArgusFF_20210920T190100Z_y0700_f1344.png,91,512,500,val
ArgusFF_20210920T190100Z_y0900_f1344.png,mask_ArgusFF_20210920T190100Z_y0900_f1344.png,73,512,500,val
ArgusFF_20210920T190100Z_y1100_f1344.png,mask_ArgusFF_20210920T190100Z_y1100_f1344.png,103,512,500,val
ArgusFF_20211029T113100Z_y0300_f1856.png,mask_ArgusFF_20211029T113100Z_y0300_f1856.png,59,512,500,val
ArgusFF_20211029T113100Z_y0550_f1856.png,mask_ArgusFF_20211029T113100Z_y0550_f1856.png,58,512,500,val
ArgusFF_20211029T113100Z_y0700_f1856.png,mask_ArgusFF_20211029T113100Z_y0700_f1856.png,71,512,500,val
ArgusFF_20211029T113100Z_y0900_f1856.png,mask_ArgusFF_20211029T113100Z_y0900_f1856.png,59,512,500,val
ArgusFF_20211029T113100Z_y1100_f1856.png,mask_ArgusFF_20211029T113100Z_y1100_f1856.png,70,512,500,val
ArgusFF_20210929T120100Z_y0500_f1920.png,mask_ArgusFF_20210929T120100Z_y0500_f1920.png,0,512,500,test
ArgusFF_20210929T120100Z_y0650_f1920.png,mask_ArgusFF_20210929T120100Z_y0650_f1920.png,72,512,500,test
ArgusFF_20210929T120100Z_y0800_f1920.png,mask_ArgusFF_20210929T120100Z_y0800_f1920.png,78,512,500,test
ArgusFF_20210929T120100Z_y0950_f1920.png,mask_ArgusFF_20210929T120100Z_y0950_f1920.png,70,512,500,test
ArgusFF_20210929T120100Z_y1100_f1920.png,mask_ArgusFF_20210929T120100Z_y1100_f1920.png,77,512,500,test
ArgusFF_20211007T210100Z_y0450_f1600.png,mask_ArgusFF_20211007T210100Z_y0450_f1600.png,72,512,500,train
ArgusFF_20211011T130100Z_y0250_f2368.png,mask_ArgusFF_20211011T130100Z_y0250_f2368.png,75,512,500,train
ArgusFF_20211013T143100Z_y0850_f2208.png,mask_ArgusFF_20211013T143100Z_y0850_f2208.png,67,512,500,train
ArgusFF_20211014T123100Z_y1250_f1760.png,mask_ArgusFF_20211014T123100Z_y1250_f1760.png,68,512,500,train
ArgusFF_20211027T150100Z_y1050_f1888.png,mask_ArgusFF_20211027T150100Z_y1050_f1888.png,74,512,500,train
ArgusFF_20211026T160100Z_y0203_f1152.png,mask_ArgusFF_20211026T160100Z_y0203_f1152.png,53,512,500,train
ArgusFF_20211026T160100Z_y0324_f1152.png,mask_ArgusFF_20211026T160100Z_y0324_f1152.png,42,512,500,train
ArgusFF_20211026T160100Z_y0324_f1216.png,mask_ArgusFF_20211026T160100Z_y0324_f1216.png,40,512,500,train
ArgusFF_20211026T160100Z_y0420_f1152.png,mask_ArgusFF_20211026T160100Z_y0420_f1152.png,46,512,500,train
ArgusFF_20211026T160100Z_y0650_f1088.png,mask_ArgusFF_20211026T160100Z_y0650_f1088.png,67,512,500,train
ArgusFF_20211026T160100Z_y0700_f1152.png,mask_ArgusFF_20211026T160100Z_y0700_f1152.png,42,512,500,train
ArgusFF_20211026T160100Z_y0766_f1152.png,mask_ArgusFF_20211026T160100Z_y0766_f1152.png,37,512,500,train
ArgusFF_20211026T160100Z_y0821_f1088.png,mask_ArgusFF_20211026T160100Z_y0821_f1088.png,42,512,500,train
ArgusFF_20211026T160100Z_y0821_f1152.png,mask_ArgusFF_20211026T160100Z_y0821_f1152.png,40,512,500,train
ArgusFF_20211026T160100Z_y0833_f1152.png,mask_ArgusFF_20211026T160100Z_y0833_f1152.png,44,512,500,train
ArgusFF_20211026T160100Z_y0983_f2432.png,mask_ArgusFF_20211026T160100Z_y0983_f2432.png,48,512,500,train
ArgusFF_20211026T160100Z_y0983_f2496.png,mask_ArgusFF_20211026T160100Z_y0983_f2496.png,52,512,500,train
ArgusFF_20211026T160100Z_y1342_f2432.png,mask_ArgusFF_20211026T160100Z_y1342_f2432.png,51,512,500,train
ArgusFF_20211026T160100Z_y1342_f2496.png,mask_ArgusFF_20211026T160100Z_y1342_f2496.png,55,512,500,train
