source_id,split,expected_samples
ArgusFF_20210920T190100Z_RectifiedVideo,val,5
ArgusFF_20210929T120100Z_RectifiedVideo,test,5
ArgusFF_20211007T210100Z_RectifiedVideo,train,7
ArgusFF_20211010T160100Z_RectifiedVideo,test,5
ArgusFF_20211011T130100Z_RectifiedVideo,train,16
ArgusFF_20211012T133100Z_RectifiedVideo,val,17
ArgusFF_20211013T130100Z_RectifiedVideo,test,15
ArgusFF_20211013T140100Z_RectifiedVideo,train,17
ArgusFF_20211013T143100Z_RectifiedVideo,train,16
ArgusFF_20211013T160100Z_RectifiedVideo,train,15
ArgusFF_20211014T120100Z_RectifiedVideo,train,16
ArgusFF_20211014T123100Z_RectifiedVideo,train,16
ArgusFF_20211014T130100Z_RectifiedVideo,train,18
ArgusFF_20211027T150100Z_RectifiedVideo,train,16
ArgusFF_20211028T140100Z_RectifiedVideo,val,16
ArgusFF_20211028T153100Z_RectifiedVideo,train,16
ArgusFF_20211029T113100Z_RectifiedVideo,val,5
ArgusFF_20211029T143100Z_RectifiedVideo,test,16
ArgusFF_20211026T160100Z_RectifiedVideo,train,14
